step,tag,value
49,train_loss,3723.77978515625
99,train_loss,2025.221435546875
149,train_loss,166.9421844482422
199,train_loss,16.45687484741211
249,train_loss,7.1507463455200195
299,train_loss,3.252776861190796
349,train_loss,2.4975638389587402
399,train_loss,2.2488982677459717
449,train_loss,2.038787364959717
499,train_loss,10.91109561920166
549,train_loss,1.725525140762329
599,train_loss,1.6925981044769287
649,train_loss,2.7566943168640137
699,train_loss,1.412622094154358
749,train_loss,1.3611112833023071
799,train_loss,1.2864373922348022
849,train_loss,1.2061922550201416
899,train_loss,1.0540086030960083
949,train_loss,1.0808992385864258
999,train_loss,1.1400927305221558
1049,train_loss,0.8738383650779724
1099,train_loss,0.7945918440818787
1149,train_loss,0.9331926703453064
1199,train_loss,1.0687499046325684
1249,train_loss,0.6813449263572693
1299,train_loss,0.6960567831993103
1349,train_loss,0.4739573895931244
1399,train_loss,0.5249648094177246
1449,train_loss,0.5839137434959412
1499,train_loss,0.23010188341140747
1549,train_loss,0.29691213369369507
1599,train_loss,0.29460853338241577
1649,train_loss,0.19236719608306885
1699,train_loss,0.06915991753339767
1749,train_loss,-0.12894928455352783
1799,train_loss,-0.12119974195957184
1849,train_loss,-0.00999838300049305
1899,train_loss,-0.20662976801395416
1949,train_loss,-0.420126736164093
1999,train_loss,-0.1911795735359192
2049,train_loss,-0.4625047445297241
2099,train_loss,-0.4478589594364166
2149,train_loss,-0.5070165395736694
2199,train_loss,-0.3524891436100006
2249,train_loss,-0.35014867782592773
2299,train_loss,-0.744545042514801
2349,train_loss,-0.8105857372283936
2399,train_loss,-0.7113260626792908
2449,train_loss,-0.9572304487228394
2499,train_loss,-0.8490660786628723
2549,train_loss,-0.7687541246414185
2599,train_loss,-1.013942837715149
2649,train_loss,-1.125565767288208
2699,train_loss,-1.1830285787582397
2749,train_loss,-1.1793628931045532
2799,train_loss,-1.1242578029632568
2849,train_loss,-1.287660002708435
2899,train_loss,-1.199358344078064
2949,train_loss,-1.1229221820831299
2999,train_loss,-1.2337167263031006
3049,train_loss,-1.4335380792617798
3099,train_loss,-1.3160333633422852
3149,train_loss,-1.1146670579910278
3199,train_loss,-1.4473997354507446
3249,train_loss,-0.9441315531730652
3299,train_loss,-1.2994927167892456
3349,train_loss,-1.486651062965393
3399,train_loss,-1.372725248336792
3449,train_loss,-1.5036494731903076
3499,train_loss,-1.6290357112884521
3549,train_loss,-1.5447090864181519
3599,train_loss,-1.7043800354003906
3649,train_loss,-1.5506339073181152
3699,train_loss,-1.7639272212982178
3749,train_loss,-1.5702263116836548
3799,train_loss,-1.5843017101287842
3849,train_loss,-1.7204432487487793
3899,train_loss,-1.5419808626174927
3949,train_loss,-1.5050253868103027
3999,train_loss,-1.5527015924453735
4049,train_loss,-1.7787953615188599
4099,train_loss,-1.2570240497589111
4149,train_loss,-1.8117003440856934
4199,train_loss,-1.774660348892212
4249,train_loss,-1.7973240613937378
4299,train_loss,-1.8640276193618774
4349,train_loss,-1.84543776512146
4399,train_loss,-1.8510310649871826
4449,train_loss,-1.995066523551941
4499,train_loss,-1.6847193241119385
4549,train_loss,-1.7853947877883911
4599,train_loss,-1.8278954029083252
4649,train_loss,-1.931810975074768
4699,train_loss,-1.946150779724121
4749,train_loss,-1.86277437210083
4799,train_loss,-1.793395757675171
4849,train_loss,-1.9565850496292114
4899,train_loss,-1.8635528087615967
4949,train_loss,-2.1431901454925537
4999,train_loss,-1.867436408996582
5049,train_loss,-2.1216201782226562
5099,train_loss,-1.9815324544906616
5149,train_loss,-2.016650438308716
5199,train_loss,-2.2027652263641357
5249,train_loss,-2.249877452850342
5299,train_loss,-1.9602149724960327
5349,train_loss,-2.060945510864258
5399,train_loss,-1.9957870244979858
5449,train_loss,-2.121318817138672
5499,train_loss,-1.9812721014022827
5549,train_loss,-2.1057634353637695
5599,train_loss,-1.9017971754074097
5649,train_loss,-2.0862133502960205
5699,train_loss,-2.1186776161193848
5749,train_loss,-1.9350301027297974
5799,train_loss,-1.9037327766418457
5849,train_loss,-1.906663417816162
5899,train_loss,-2.0464963912963867
5949,train_loss,-1.9572468996047974
5999,train_loss,-1.882704734802246
6049,train_loss,-2.234858512878418
6099,train_loss,-1.9714288711547852
6149,train_loss,-2.217918634414673
6199,train_loss,-1.9406083822250366
6249,train_loss,-2.16991925239563
6299,train_loss,-2.280937910079956
6349,train_loss,-2.3003344535827637
6399,train_loss,-2.181400775909424
6449,train_loss,-2.401754856109619
6499,train_loss,-1.914783000946045
6549,train_loss,-2.198974609375
6599,train_loss,-1.9610823392868042
6649,train_loss,-2.305567979812622
6699,train_loss,-2.1923627853393555
6749,train_loss,-2.1930980682373047
6799,train_loss,-2.1851110458374023
6849,train_loss,-2.1487510204315186
6899,train_loss,-2.166264057159424
6949,train_loss,-2.173624277114868
6999,train_loss,-1.8242932558059692
7049,train_loss,-2.2324154376983643
7099,train_loss,-2.195221424102783
7149,train_loss,-2.3873612880706787
7199,train_loss,-2.3699021339416504
7249,train_loss,-2.072953701019287
7299,train_loss,-1.9576897621154785
7349,train_loss,-2.0919015407562256
7399,train_loss,-1.9630714654922485
7449,train_loss,-2.4011685848236084
7499,train_loss,-2.272944211959839
7549,train_loss,-2.2732343673706055
7599,train_loss,-1.9428521394729614
7649,train_loss,-2.2076241970062256
7699,train_loss,-2.215837001800537
7749,train_loss,-2.156205892562866
7799,train_loss,-2.125903844833374
7849,train_loss,-1.8932275772094727
7899,train_loss,-2.2381577491760254
7949,train_loss,-2.408021926879883
7999,train_loss,-2.206529140472412
8049,train_loss,-2.360921621322632
8099,train_loss,-2.3063783645629883
8149,train_loss,-2.266177177429199
8199,train_loss,-2.27671480178833
8249,train_loss,-2.291369915008545
8299,train_loss,-2.08308744430542
8349,train_loss,-2.2800991535186768
8399,train_loss,-2.2528326511383057
8449,train_loss,-2.531137704849243
8499,train_loss,-2.2185027599334717
8549,train_loss,-2.243061065673828
8599,train_loss,-2.3198280334472656
8649,train_loss,-2.382575035095215
8699,train_loss,-2.2220664024353027
8749,train_loss,-2.179501533508301
8799,train_loss,-2.4772353172302246
8849,train_loss,-2.1982791423797607
8899,train_loss,-2.2905192375183105
8949,train_loss,-2.506037712097168
8999,train_loss,-2.024509906768799
9049,train_loss,-2.5292723178863525
9099,train_loss,-2.4487295150756836
9149,train_loss,-2.3608992099761963
9199,train_loss,-2.2767345905303955
9249,train_loss,-2.2615537643432617
9299,train_loss,-2.2726027965545654
9349,train_loss,-2.2751197814941406
9399,train_loss,-2.286050319671631
9449,train_loss,-2.4265823364257812
9499,train_loss,-2.6028971672058105
9549,train_loss,-2.209109306335449
9599,train_loss,-2.308436155319214
9649,train_loss,-2.391105890274048
9699,train_loss,-2.471619129180908
9749,train_loss,-2.2962377071380615
9799,train_loss,-2.302821636199951
9849,train_loss,-2.365323066711426
9899,train_loss,-2.194517135620117
9949,train_loss,-2.186530113220215
9999,train_loss,-2.191274642944336
10049,train_loss,-2.2973268032073975
10099,train_loss,-2.290849447250366
10149,train_loss,-2.3749914169311523
10199,train_loss,-2.4010698795318604
10249,train_loss,-2.2399227619171143
10299,train_loss,-2.367011547088623
10349,train_loss,-2.2861781120300293
10399,train_loss,-2.294262647628784
10449,train_loss,-2.4723949432373047
10499,train_loss,-2.2773356437683105
10549,train_loss,-2.491711139678955
10599,train_loss,-2.4670870304107666
10649,train_loss,-2.5049257278442383
10699,train_loss,-2.28299880027771
10749,train_loss,-2.3704586029052734
10799,train_loss,-2.6439685821533203
10849,train_loss,-2.164716958999634
10899,train_loss,-2.2797250747680664
10949,train_loss,-2.326218843460083
10999,train_loss,-2.092207670211792
11049,train_loss,-2.324817180633545
11099,train_loss,-2.2369742393493652
11149,train_loss,-2.2497894763946533
11199,train_loss,-2.3388559818267822
11249,train_loss,-2.291184663772583
11299,train_loss,-2.4589920043945312
11349,train_loss,-2.1095657348632812
11399,train_loss,-2.215304136276245
11449,train_loss,-1.9933971166610718
11499,train_loss,-2.2159502506256104
11549,train_loss,-2.410444974899292
11599,train_loss,-2.3342199325561523
11649,train_loss,-2.4302549362182617
11699,train_loss,-2.2802045345306396
11749,train_loss,-2.3863487243652344
11799,train_loss,-2.390096426010132
11849,train_loss,-2.3976593017578125
11899,train_loss,-2.3485336303710938
11949,train_loss,-2.427356243133545
11999,train_loss,-2.260481357574463
12049,train_loss,-2.422001600265503
12099,train_loss,-2.066704511642456
12149,train_loss,-2.507368564605713
12199,train_loss,-2.569152355194092
12249,train_loss,-2.3725032806396484
12299,train_loss,-2.362811803817749
12349,train_loss,-2.392002820968628
12399,train_loss,-2.5198628902435303
12449,train_loss,-2.591853618621826
12499,train_loss,-2.158860683441162
12549,train_loss,-2.3851428031921387
12599,train_loss,-2.467707395553589
12649,train_loss,-2.380345344543457
12699,train_loss,-2.396554470062256
12749,train_loss,-2.4593253135681152
12799,train_loss,-2.4411964416503906
12849,train_loss,-2.329927682876587
12899,train_loss,-2.4778308868408203
12949,train_loss,-2.432772397994995
12999,train_loss,-2.593634605407715
13049,train_loss,-2.217444658279419
13099,train_loss,-2.3560950756073
13149,train_loss,-2.311337471008301
13199,train_loss,-2.4202029705047607
13249,train_loss,-2.306009292602539
13299,train_loss,-2.5567216873168945
13349,train_loss,-1.8949260711669922
13399,train_loss,-2.5340943336486816
13449,train_loss,-2.410022020339966
13499,train_loss,-2.2956416606903076
13549,train_loss,-2.639202356338501
13599,train_loss,-2.4674251079559326
13649,train_loss,-2.2487952709198
13699,train_loss,-2.6081717014312744
13749,train_loss,-2.3435218334198
13799,train_loss,-2.59490704536438
13849,train_loss,-2.2128853797912598
13899,train_loss,-2.3028311729431152
13949,train_loss,-2.455573558807373
13999,train_loss,-2.474576473236084
14049,train_loss,-2.3650760650634766
14099,train_loss,-2.381443500518799
14149,train_loss,-2.4715449810028076
14199,train_loss,-2.2185726165771484
14249,train_loss,-2.475680112838745
14299,train_loss,-2.465029716491699
14349,train_loss,-2.495924472808838
14399,train_loss,-2.6683316230773926
14449,train_loss,-2.3039166927337646
14499,train_loss,-2.778474807739258
14549,train_loss,-2.3664166927337646
14599,train_loss,-2.5876145362854004
14649,train_loss,-2.524637460708618
14699,train_loss,-2.365598201751709
14749,train_loss,-2.4956212043762207
14799,train_loss,-2.395900249481201
14849,train_loss,-2.113827705383301
14899,train_loss,-2.2314648628234863
14949,train_loss,-2.440178632736206
14999,train_loss,-2.3687827587127686
15049,train_loss,-2.2160491943359375
15099,train_loss,-2.4367403984069824
15149,train_loss,-2.5787012577056885
15199,train_loss,-2.33955979347229
15249,train_loss,-2.4270479679107666
15299,train_loss,-2.5711398124694824
15349,train_loss,-2.5869667530059814
15399,train_loss,-2.3809001445770264
15449,train_loss,-2.519526481628418
15499,train_loss,-2.2870752811431885
15549,train_loss,-2.3512039184570312
15599,train_loss,-2.735234260559082
15649,train_loss,-2.2957420349121094
15699,train_loss,-2.3617875576019287
15749,train_loss,-2.2758569717407227
15799,train_loss,-2.436039924621582
15849,train_loss,-2.5642576217651367
15899,train_loss,-2.4325201511383057
15949,train_loss,-2.4857065677642822
15999,train_loss,-2.569931745529175
16049,train_loss,-2.429882526397705
16099,train_loss,-2.453343629837036
16149,train_loss,-2.5502562522888184
16199,train_loss,-2.546985626220703
16249,train_loss,-2.510096549987793
16299,train_loss,-2.6119940280914307
16349,train_loss,-2.4345476627349854
16399,train_loss,-2.521693229675293
16449,train_loss,-2.3982436656951904
16499,train_loss,-2.4215846061706543
16549,train_loss,-2.552856206893921
16599,train_loss,-2.1356074810028076
16649,train_loss,-2.4210829734802246
16699,train_loss,-2.2667224407196045
16749,train_loss,-2.343681812286377
16799,train_loss,-2.3441720008850098
16849,train_loss,-2.4892139434814453
16899,train_loss,-2.321258783340454
16949,train_loss,-2.312117099761963
16999,train_loss,-2.3871395587921143
17049,train_loss,-2.3160812854766846
17099,train_loss,-2.5342659950256348
17149,train_loss,-2.4253387451171875
17199,train_loss,-2.1736717224121094
17249,train_loss,-2.411450147628784
17299,train_loss,-2.3715274333953857
17349,train_loss,-2.6306700706481934
17399,train_loss,-2.3893845081329346
17449,train_loss,-2.27443528175354
17499,train_loss,-2.773223400115967
17549,train_loss,-2.6248385906219482
17599,train_loss,-2.574420690536499
17649,train_loss,-2.3028512001037598
17699,train_loss,-2.48087215423584
17749,train_loss,-2.5631070137023926
17799,train_loss,-2.511495590209961
17849,train_loss,-2.636479139328003
17899,train_loss,-2.617149829864502
17949,train_loss,-2.6433920860290527
17999,train_loss,-2.264103651046753
18049,train_loss,-2.6357555389404297
18099,train_loss,-2.4252676963806152
18149,train_loss,-2.7152698040008545
18199,train_loss,-2.623387575149536
18249,train_loss,-2.1693978309631348
18299,train_loss,-2.5207712650299072
18349,train_loss,-2.6335861682891846
18399,train_loss,-2.4120612144470215
18449,train_loss,-2.55080246925354
18499,train_loss,-2.49721622467041
18549,train_loss,-2.4315340518951416
18599,train_loss,-2.512787342071533
18649,train_loss,-2.4118599891662598
18699,train_loss,-2.539109945297241
18749,train_loss,-2.6762783527374268
18799,train_loss,-2.686234712600708
18849,train_loss,-2.6785242557525635
18899,train_loss,-2.5560944080352783
18949,train_loss,-2.5199711322784424
18999,train_loss,-2.3317983150482178
19049,train_loss,-2.6406407356262207
19099,train_loss,-2.4403371810913086
19149,train_loss,-2.032351493835449
19199,train_loss,-2.570345401763916
19249,train_loss,-2.6731855869293213
19299,train_loss,-2.315094232559204
19349,train_loss,-2.78334641456604
19399,train_loss,-2.3636937141418457
19449,train_loss,-2.619224786758423
19499,train_loss,-2.5817620754241943
19549,train_loss,-2.8548970222473145
19599,train_loss,-2.701403856277466
19649,train_loss,-2.1118600368499756
19699,train_loss,-2.402987480163574
19749,train_loss,-2.516047477722168
19799,train_loss,-2.345740556716919
19849,train_loss,-2.4322509765625
19899,train_loss,-2.6459121704101562
19949,train_loss,-2.4511702060699463
19999,train_loss,-2.743544578552246
20049,train_loss,-2.417743444442749
20099,train_loss,-2.3703551292419434
20149,train_loss,-2.368241548538208
20199,train_loss,-2.523678779602051
20249,train_loss,-2.4927659034729004
20299,train_loss,-2.54630708694458
20349,train_loss,-2.459045171737671
20399,train_loss,-2.505084991455078
20449,train_loss,-2.5775890350341797
20499,train_loss,-2.6043944358825684
20549,train_loss,-2.454920768737793
20599,train_loss,-2.301250696182251
20649,train_loss,-2.5301437377929688
20699,train_loss,-2.4601378440856934
20749,train_loss,-2.413992404937744
20799,train_loss,-2.370699882507324
20849,train_loss,-2.6900360584259033
20899,train_loss,-2.6489365100860596
20949,train_loss,-2.55298113822937
20999,train_loss,-2.563615322113037
21049,train_loss,-2.460947036743164
21099,train_loss,-2.2205235958099365
21149,train_loss,-2.583533525466919
21199,train_loss,-2.663071393966675
21249,train_loss,-2.507687568664551
21299,train_loss,-2.640045404434204
21349,train_loss,-2.6477668285369873
21399,train_loss,-2.1817009449005127
21449,train_loss,-2.4210753440856934
21499,train_loss,-2.4787769317626953
21549,train_loss,-2.58282470703125
21599,train_loss,-2.4651012420654297
21649,train_loss,-2.677948236465454
21699,train_loss,-2.6521263122558594
21749,train_loss,-2.5387985706329346
21799,train_loss,-2.569223165512085
21849,train_loss,-2.6848948001861572
21899,train_loss,-2.6079328060150146
21949,train_loss,-2.349609851837158
21999,train_loss,-2.6723523139953613
22049,train_loss,-2.685300588607788
22099,train_loss,-2.6616194248199463
22149,train_loss,-2.70760178565979
22199,train_loss,-2.2604379653930664
22249,train_loss,-2.5528433322906494
22299,train_loss,-2.4536352157592773
22349,train_loss,-2.4805588722229004
22399,train_loss,-2.4769439697265625
22449,train_loss,-2.5200586318969727
22499,train_loss,-2.51116943359375
22549,train_loss,-2.3707430362701416
22599,train_loss,-2.7541799545288086
22649,train_loss,-2.611100673675537
22699,train_loss,-2.442176103591919
22749,train_loss,-2.706315755844116
22799,train_loss,-2.4287755489349365
22849,train_loss,-2.664266347885132
22899,train_loss,-2.2724063396453857
22949,train_loss,-2.7160837650299072
22999,train_loss,-2.318187952041626
23049,train_loss,-2.0369839668273926
23099,train_loss,-2.631103515625
23149,train_loss,-1.8746912479400635
23199,train_loss,-2.3380463123321533
23249,train_loss,-2.4225196838378906
23299,train_loss,-2.5256242752075195
23349,train_loss,-2.5278379917144775
23399,train_loss,-2.488494396209717
23449,train_loss,-2.6140780448913574
23499,train_loss,-2.4780142307281494
23549,train_loss,-2.4758195877075195
23599,train_loss,-2.7306694984436035
23649,train_loss,-2.6418826580047607
23699,train_loss,-2.412581205368042
23749,train_loss,-2.59114670753479
23799,train_loss,-2.2708420753479004
23849,train_loss,-2.512206554412842
23899,train_loss,-2.495720624923706
23949,train_loss,-2.6848132610321045
23999,train_loss,-2.4901700019836426
24049,train_loss,-2.6233572959899902
24099,train_loss,-2.4150383472442627
24149,train_loss,-2.5132603645324707
24199,train_loss,-2.5154056549072266
24249,train_loss,-2.671621084213257
24299,train_loss,-2.541959762573242
24349,train_loss,-2.6892054080963135
24399,train_loss,-2.6798739433288574
24449,train_loss,-2.3712384700775146
24499,train_loss,-2.4604573249816895
24549,train_loss,-2.5448644161224365
24599,train_loss,-2.576347827911377
24649,train_loss,-2.3828718662261963
24699,train_loss,-2.387249231338501
24749,train_loss,-2.3834447860717773
24799,train_loss,-2.325624704360962
24849,train_loss,-2.362558603286743
24899,train_loss,-2.512267827987671
24949,train_loss,-2.5768468379974365
24999,train_loss,-2.556825876235962
25049,train_loss,-2.519697666168213
25099,train_loss,-2.5135512351989746
25149,train_loss,-2.2093729972839355
25199,train_loss,-2.8410351276397705
25249,train_loss,-2.623248815536499
25299,train_loss,-2.90041446685791
25349,train_loss,-2.1647520065307617
25399,train_loss,-2.4978725910186768
25449,train_loss,-2.432645559310913
25499,train_loss,-2.381074905395508
25549,train_loss,-2.541874408721924
25599,train_loss,-2.734950304031372
25649,train_loss,-2.4525585174560547
25699,train_loss,-2.378817319869995
25749,train_loss,-2.5315468311309814
25799,train_loss,-2.5940399169921875
25849,train_loss,-2.4435312747955322
25899,train_loss,-2.5925309658050537
25949,train_loss,-2.5544872283935547
25999,train_loss,-2.6481831073760986
26049,train_loss,-2.3941822052001953
26099,train_loss,-2.5230939388275146
26149,train_loss,-2.717650890350342
26199,train_loss,-2.32481050491333
26249,train_loss,-2.441779136657715
26299,train_loss,-2.5911788940429688
26349,train_loss,-2.4923033714294434
26399,train_loss,-2.733966827392578
26449,train_loss,-2.773754835128784
26499,train_loss,-2.5034055709838867
26549,train_loss,-2.330195665359497
26599,train_loss,-2.432555913925171
26649,train_loss,-2.698758125305176
26699,train_loss,-2.5906410217285156
26749,train_loss,-2.532219171524048
26799,train_loss,-2.5431697368621826
26849,train_loss,-2.6148505210876465
26899,train_loss,-2.737834930419922
26949,train_loss,-2.696960926055908
26999,train_loss,-2.519256830215454
27049,train_loss,-2.4967525005340576
27099,train_loss,-2.4678452014923096
27149,train_loss,-2.601762056350708
27199,train_loss,-2.4427454471588135
27249,train_loss,-2.6981616020202637
27299,train_loss,-2.5752415657043457
27349,train_loss,-2.6345460414886475
27399,train_loss,-2.8238770961761475
27449,train_loss,-2.6377031803131104
27499,train_loss,-2.6966941356658936
27549,train_loss,-2.640488624572754
27599,train_loss,-2.510587215423584
27649,train_loss,-2.4731314182281494
27699,train_loss,-2.36458683013916
27749,train_loss,-2.7020161151885986
27799,train_loss,-2.6006505489349365
27849,train_loss,-2.329644203186035
27899,train_loss,-2.6982104778289795
27949,train_loss,-2.2439656257629395
27999,train_loss,-2.588502883911133
28049,train_loss,-2.6605262756347656
28099,train_loss,-2.708477020263672
28149,train_loss,-2.568202495574951
28199,train_loss,-2.494882822036743
28249,train_loss,-2.3067193031311035
28299,train_loss,-2.527068853378296
28349,train_loss,-2.5347509384155273
28399,train_loss,-2.686488628387451
28449,train_loss,-2.533482551574707
28499,train_loss,-2.6659023761749268
28549,train_loss,-2.6594300270080566
28599,train_loss,-2.438511371612549
28649,train_loss,-2.6102113723754883
28699,train_loss,-2.7358367443084717
28749,train_loss,-2.2847564220428467
28799,train_loss,-2.609349489212036
28849,train_loss,-2.260287046432495
28899,train_loss,-2.8593311309814453
28949,train_loss,-2.4455502033233643
28999,train_loss,-2.509706974029541
29049,train_loss,-2.6029000282287598
29099,train_loss,-2.545154094696045
29149,train_loss,-2.5144882202148438
29199,train_loss,-2.6531898975372314
29249,train_loss,-2.5440073013305664
29299,train_loss,-2.565865993499756
29349,train_loss,-2.552311658859253
29399,train_loss,-2.551678419113159
29449,train_loss,-2.4964208602905273
29499,train_loss,-2.402327299118042
29549,train_loss,-2.4340672492980957
29599,train_loss,-2.5746917724609375
29649,train_loss,-2.5231029987335205
29699,train_loss,-2.530240297317505
29749,train_loss,-2.612886667251587
29799,train_loss,-2.825834035873413
29849,train_loss,-2.701615333557129
29899,train_loss,-2.4080073833465576
29949,train_loss,-2.7109639644622803
29999,train_loss,-2.715047597885132
30049,train_loss,-2.492116689682007
30099,train_loss,-2.702576160430908
30149,train_loss,-2.677456855773926
30199,train_loss,-2.5745530128479004
30249,train_loss,-2.6310317516326904
30299,train_loss,-2.6533823013305664
30349,train_loss,-2.6661269664764404
30399,train_loss,-2.3022215366363525
30449,train_loss,-2.5797770023345947
30499,train_loss,-2.606625556945801
30549,train_loss,-2.550586462020874
30599,train_loss,-2.7807161808013916
30649,train_loss,-2.3509881496429443
30699,train_loss,-2.359333038330078
30749,train_loss,-2.6250088214874268
30799,train_loss,-2.48368239402771
30849,train_loss,-2.7273221015930176
30899,train_loss,-2.6753604412078857
30949,train_loss,-2.6241707801818848
30999,train_loss,-2.720766067504883
31049,train_loss,-2.7198197841644287
31099,train_loss,-2.6668317317962646
31149,train_loss,-2.719794273376465
31199,train_loss,-2.67730712890625
31249,train_loss,-2.700441360473633
31299,train_loss,-2.3772523403167725
31349,train_loss,-2.282639503479004
31399,train_loss,-2.593214511871338
31449,train_loss,-2.7427403926849365
31499,train_loss,-2.7820961475372314
31549,train_loss,-2.3871991634368896
31599,train_loss,-2.6540067195892334
31649,train_loss,-2.7710795402526855
31699,train_loss,-2.7761666774749756
31749,train_loss,-2.471893310546875
31799,train_loss,-2.667469024658203
31849,train_loss,-2.5539779663085938
31899,train_loss,-2.6922059059143066
31949,train_loss,-2.1804380416870117
31999,train_loss,-2.5645012855529785
32049,train_loss,-2.5135669708251953
32099,train_loss,-2.4066660404205322
32149,train_loss,-2.8039474487304688
32199,train_loss,-2.2570791244506836
32249,train_loss,-2.700868844985962
32299,train_loss,-2.537364959716797
32349,train_loss,-2.6832799911499023
32399,train_loss,-2.522656202316284
32449,train_loss,-2.7747929096221924
32499,train_loss,-2.508540630340576
32549,train_loss,-2.8508458137512207
32599,train_loss,-2.541264057159424
32649,train_loss,-2.7510368824005127
32699,train_loss,-2.55195951461792
32749,train_loss,-2.6705210208892822
32799,train_loss,-2.8053438663482666
32849,train_loss,-2.5589141845703125
32899,train_loss,-2.6412460803985596
32949,train_loss,-2.573291301727295
32999,train_loss,-2.7103607654571533
33049,train_loss,-2.746535062789917
33099,train_loss,-2.62145733833313
33149,train_loss,-2.5231072902679443
33199,train_loss,-2.542496919631958
33249,train_loss,-2.526090621948242
33299,train_loss,-2.32751727104187
33349,train_loss,-2.7988436222076416
33399,train_loss,-2.6455655097961426
33449,train_loss,-2.6146373748779297
33499,train_loss,-2.74977970123291
33549,train_loss,-2.3330674171447754
33599,train_loss,-2.4823153018951416
33649,train_loss,-2.7582600116729736
33699,train_loss,-2.6806697845458984
33749,train_loss,-2.4109764099121094
33799,train_loss,-2.5184485912323
33849,train_loss,-2.4322702884674072
33899,train_loss,-2.499656915664673
33949,train_loss,-2.772460460662842
33999,train_loss,-2.8707027435302734
34049,train_loss,-2.4833555221557617
34099,train_loss,-2.547670364379883
34149,train_loss,-2.8205387592315674
34199,train_loss,-2.513474464416504
34249,train_loss,-2.6558680534362793
34299,train_loss,-2.7942233085632324
34349,train_loss,-3.0536344051361084
34399,train_loss,-2.722879648208618
34449,train_loss,-2.4671177864074707
34499,train_loss,-2.6644198894500732
34549,train_loss,-2.624051570892334
34599,train_loss,-2.3688859939575195
34649,train_loss,-2.62235426902771
34699,train_loss,-2.863215684890747
34749,train_loss,-2.327838182449341
34799,train_loss,-2.6776034832000732
34849,train_loss,-2.388368844985962
34899,train_loss,-2.4431869983673096
34949,train_loss,-2.6989731788635254
34999,train_loss,-2.761112928390503
35049,train_loss,-2.666743040084839
35099,train_loss,-2.671442747116089
35149,train_loss,-2.485633134841919
35199,train_loss,-2.98557448387146
35249,train_loss,-2.6026201248168945
35299,train_loss,-2.7056498527526855
35349,train_loss,-2.47743821144104
35399,train_loss,-2.4922139644622803
35449,train_loss,-2.6763665676116943
35499,train_loss,-2.8458924293518066
35549,train_loss,-2.399015188217163
35599,train_loss,-2.3345868587493896
35649,train_loss,-2.5644848346710205
35699,train_loss,-2.5836474895477295
35749,train_loss,-2.7540900707244873
35799,train_loss,-2.481968402862549
35849,train_loss,-2.531024217605591
35899,train_loss,-2.7936532497406006
35949,train_loss,-2.667314052581787
35999,train_loss,-2.837284803390503
36049,train_loss,-2.5301880836486816
36099,train_loss,-2.520731210708618
36149,train_loss,-2.609219551086426
36199,train_loss,-2.6394641399383545
36249,train_loss,-2.691894769668579
36299,train_loss,-2.57108998298645
36349,train_loss,-2.5115556716918945
36399,train_loss,-2.364495277404785
36449,train_loss,-2.7664084434509277
36499,train_loss,-2.6218841075897217
36549,train_loss,-2.453932046890259
36599,train_loss,-2.579347848892212
36649,train_loss,-2.5578207969665527
36699,train_loss,-2.72390079498291
36749,train_loss,-2.590226650238037
36799,train_loss,-2.7298030853271484
36849,train_loss,-2.4369945526123047
36899,train_loss,-2.846245288848877
36949,train_loss,-2.7977044582366943
36999,train_loss,-2.6567254066467285
37049,train_loss,-2.557537317276001
37099,train_loss,-2.5105109214782715
37149,train_loss,-2.4064033031463623
37199,train_loss,-2.661968469619751
37249,train_loss,-2.5375101566314697
37299,train_loss,-2.475890874862671
37349,train_loss,-2.7850630283355713
37399,train_loss,-2.684804916381836
37449,train_loss,-2.693300247192383
37499,train_loss,-2.495648145675659
37549,train_loss,-2.7026827335357666
37599,train_loss,-2.7921698093414307
37649,train_loss,-2.6960952281951904
37699,train_loss,-2.481175184249878
37749,train_loss,-2.704334020614624
37799,train_loss,-2.488420009613037
37849,train_loss,-2.2546157836914062
37899,train_loss,-2.6312594413757324
37949,train_loss,-2.512003183364868
37999,train_loss,-2.555044174194336
38049,train_loss,-2.6807239055633545
38099,train_loss,-2.493241310119629
38149,train_loss,-2.5782065391540527
38199,train_loss,-2.5520920753479004
38249,train_loss,-2.504533290863037
38299,train_loss,-2.766798973083496
38349,train_loss,-2.6176652908325195
38399,train_loss,-2.7257277965545654
38449,train_loss,-2.476869583129883
38499,train_loss,-2.642444610595703
38549,train_loss,-2.4357616901397705
38599,train_loss,-2.8341779708862305
38649,train_loss,-2.8266751766204834
38699,train_loss,-2.7638933658599854
38749,train_loss,-2.720503807067871
38799,train_loss,-2.5131595134735107
38849,train_loss,-2.494596004486084
38899,train_loss,-2.7155377864837646
38949,train_loss,-2.6716713905334473
38999,train_loss,-2.2685940265655518
39049,train_loss,-2.4162416458129883
39099,train_loss,-2.3512046337127686
39149,train_loss,-2.5361170768737793
39199,train_loss,-2.489534854888916
39249,train_loss,-2.6603472232818604
39299,train_loss,-2.6418638229370117
39349,train_loss,-2.632948875427246
39399,train_loss,-2.4472219944000244
39449,train_loss,-2.669534921646118
39499,train_loss,-2.6196892261505127
39549,train_loss,-2.737220048904419
39599,train_loss,-2.6683573722839355
39649,train_loss,-2.7779598236083984
39699,train_loss,-2.331101655960083
39749,train_loss,-2.802431106567383
39799,train_loss,-2.361454963684082
39849,train_loss,-2.558319330215454
39899,train_loss,-2.3437042236328125
39949,train_loss,-2.50764536857605
39999,train_loss,-2.540724992752075
40049,train_loss,-2.649723768234253
40099,train_loss,-2.598337173461914
40149,train_loss,-2.4937448501586914
40199,train_loss,-2.621299982070923
40249,train_loss,-2.5099892616271973
40299,train_loss,-2.65079402923584
40349,train_loss,-2.7038888931274414
40399,train_loss,-2.628814458847046
40449,train_loss,-2.4400131702423096
40499,train_loss,-2.719072103500366
40549,train_loss,-2.561002254486084
40599,train_loss,-2.5315167903900146
40649,train_loss,-3.0455479621887207
40699,train_loss,-2.734994888305664
40749,train_loss,-2.497095823287964
40799,train_loss,-2.698333263397217
40849,train_loss,-2.507645845413208
40899,train_loss,-2.669489860534668
40949,train_loss,-2.8021633625030518
40999,train_loss,-2.1719305515289307
41049,train_loss,-2.62821364402771
41099,train_loss,-2.6787424087524414
41149,train_loss,-2.693429470062256
41199,train_loss,-2.816683292388916
41249,train_loss,-2.7865562438964844
41299,train_loss,-2.516343116760254
41349,train_loss,-2.428051710128784
41399,train_loss,-2.581317186355591
41449,train_loss,-2.6004974842071533
41499,train_loss,-2.4059696197509766
41549,train_loss,-2.5717549324035645
41599,train_loss,-2.7013051509857178
41649,train_loss,-2.5932564735412598
41699,train_loss,-2.877765417098999
41749,train_loss,-2.6363635063171387
41799,train_loss,-2.629101276397705
41849,train_loss,-2.4783027172088623
41899,train_loss,-2.697603464126587
41949,train_loss,-2.698230743408203
41999,train_loss,-2.5698463916778564
42049,train_loss,-2.709523916244507
42099,train_loss,-2.3777220249176025
42149,train_loss,-2.6080291271209717
42199,train_loss,-2.590730905532837
42249,train_loss,-2.7563610076904297
42299,train_loss,-2.9539706707000732
42349,train_loss,-2.8368170261383057
42399,train_loss,-2.5546658039093018
42449,train_loss,-2.7805864810943604
42499,train_loss,-2.6744608879089355
42549,train_loss,-2.5045535564422607
42599,train_loss,-2.8112642765045166
42649,train_loss,-2.7955856323242188
42699,train_loss,-2.56085205078125
42749,train_loss,-2.63047456741333
42799,train_loss,-2.7637999057769775
42849,train_loss,-2.501715660095215
42899,train_loss,-2.641984701156616
42949,train_loss,-2.680152654647827
42999,train_loss,-2.6640429496765137
43049,train_loss,-2.3683552742004395
43099,train_loss,-2.549436092376709
43149,train_loss,-2.4192750453948975
43199,train_loss,-2.5832653045654297
43249,train_loss,-2.6809170246124268
43299,train_loss,-2.7115707397460938
43349,train_loss,-2.9350638389587402
43399,train_loss,-2.4790291786193848
43449,train_loss,-2.6365065574645996
43499,train_loss,-1.9911675453186035
43549,train_loss,-2.5972108840942383
43599,train_loss,-2.3094146251678467
43649,train_loss,-2.6647791862487793
43699,train_loss,-2.5065736770629883
43749,train_loss,-2.8114588260650635
43799,train_loss,-2.645759344100952
43849,train_loss,-2.5216169357299805
43899,train_loss,-2.6237728595733643
43949,train_loss,-2.819196939468384
43999,train_loss,-2.2662928104400635
44049,train_loss,-2.717876672744751
44099,train_loss,-2.8794326782226562
44149,train_loss,-2.8245956897735596
44199,train_loss,-2.681206226348877
44249,train_loss,-2.667006492614746
44299,train_loss,-2.418018102645874
44349,train_loss,-2.8279619216918945
44399,train_loss,-2.8359873294830322
44449,train_loss,-2.5178866386413574
44499,train_loss,-2.530369520187378
44549,train_loss,-2.8384854793548584
44599,train_loss,-2.7058029174804688
44649,train_loss,-2.687196731567383
44699,train_loss,-2.5154001712799072
44749,train_loss,-2.6346099376678467
44799,train_loss,-2.5676019191741943
44849,train_loss,-2.4025144577026367
44899,train_loss,-2.645052194595337
44949,train_loss,-2.609294891357422
44999,train_loss,-2.7617435455322266
45049,train_loss,-2.4089457988739014
45099,train_loss,-2.3771164417266846
45149,train_loss,-2.6399855613708496
45199,train_loss,-2.6258230209350586
45249,train_loss,-2.537381887435913
45299,train_loss,-2.6530866622924805
45349,train_loss,-2.5282785892486572
45399,train_loss,-2.84639573097229
45449,train_loss,-2.6098663806915283
45499,train_loss,-2.681389570236206
45549,train_loss,-2.7131311893463135
45599,train_loss,-2.7781472206115723
45649,train_loss,-2.8943703174591064
45699,train_loss,-2.720728635787964
45749,train_loss,-2.983609914779663
45799,train_loss,-2.513408899307251
45849,train_loss,-2.595036506652832
45899,train_loss,-2.5785536766052246
45949,train_loss,-2.6851937770843506
45999,train_loss,-2.776679515838623
46049,train_loss,-2.4943089485168457
46099,train_loss,-3.0518245697021484
46149,train_loss,-2.73732590675354
46199,train_loss,-2.81584095954895
46249,train_loss,-2.344928503036499
46299,train_loss,-2.565314769744873
46349,train_loss,-2.285392999649048
46399,train_loss,-3.0042033195495605
46449,train_loss,-2.815302848815918
46499,train_loss,-2.521423578262329
46549,train_loss,-2.639253854751587
46599,train_loss,-2.606642484664917
46649,train_loss,-2.6753294467926025
46699,train_loss,-2.444192409515381
46749,train_loss,-2.52901029586792
46799,train_loss,-2.415069341659546
46849,train_loss,-2.696404457092285
46899,train_loss,-2.5279409885406494
46949,train_loss,-2.7083494663238525
46999,train_loss,-2.663506031036377
47049,train_loss,-2.7788405418395996
47099,train_loss,-2.4692585468292236
47149,train_loss,-2.883218765258789
47199,train_loss,-2.7914175987243652
47249,train_loss,-2.896611213684082
47299,train_loss,-2.050389289855957
47349,train_loss,-2.8908021450042725
47399,train_loss,-2.5450263023376465
47449,train_loss,-2.7022829055786133
47499,train_loss,-2.3999855518341064
47549,train_loss,-2.4837169647216797
47599,train_loss,-2.796766996383667
47649,train_loss,-2.7154667377471924
47699,train_loss,-2.541287422180176
47749,train_loss,-2.63497257232666
47799,train_loss,-2.198338270187378
47849,train_loss,-2.7546401023864746
47899,train_loss,-2.6264753341674805
47949,train_loss,-2.5792205333709717
47999,train_loss,-2.7011656761169434
48049,train_loss,-2.7385566234588623
48099,train_loss,-2.4966344833374023
48149,train_loss,-2.4913980960845947
48199,train_loss,-2.7135183811187744
48249,train_loss,-2.959083318710327
48299,train_loss,-2.469533681869507
48349,train_loss,-2.743741512298584
48399,train_loss,-2.9503297805786133
48449,train_loss,-2.7278802394866943
48499,train_loss,-2.705422878265381
48549,train_loss,-2.6560111045837402
48599,train_loss,-2.850069284439087
48649,train_loss,-2.627124309539795
48699,train_loss,-2.623116970062256
48749,train_loss,-2.6723806858062744
48799,train_loss,-2.606295347213745
48849,train_loss,-2.6228277683258057
48899,train_loss,-2.760765314102173
48949,train_loss,-2.954094648361206
48999,train_loss,-2.4478161334991455
49049,train_loss,-2.6651980876922607
49099,train_loss,-2.6574831008911133
49149,train_loss,-2.6160550117492676
49199,train_loss,-2.561763286590576
49249,train_loss,-2.7524733543395996
49299,train_loss,-2.283189535140991
49349,train_loss,-2.7252776622772217
49399,train_loss,-2.7011373043060303
49449,train_loss,-2.7775847911834717
49499,train_loss,-2.5803020000457764
49549,train_loss,-2.589277744293213
49599,train_loss,-2.6293399333953857
49649,train_loss,-2.6681370735168457
49699,train_loss,-2.5240821838378906
49749,train_loss,-2.6332459449768066
49799,train_loss,-2.8373186588287354
49849,train_loss,-2.8596713542938232
49899,train_loss,-2.5344181060791016
49949,train_loss,-2.8446881771087646
49999,train_loss,-2.854299545288086
50049,train_loss,-2.9584102630615234
50099,train_loss,-2.599104404449463
50149,train_loss,-2.845625877380371
50199,train_loss,-2.806602954864502
50249,train_loss,-2.6583614349365234
50299,train_loss,-2.6570346355438232
50349,train_loss,-2.661367416381836
50399,train_loss,-2.899448871612549
50449,train_loss,-2.5878007411956787
50499,train_loss,-2.6014368534088135
50549,train_loss,-2.7999753952026367
50599,train_loss,-2.6333389282226562
50649,train_loss,-2.601534366607666
50699,train_loss,-2.5497419834136963
50749,train_loss,-2.715728998184204
50799,train_loss,-2.3917808532714844
50849,train_loss,-2.927365303039551
50899,train_loss,-2.96120023727417
50949,train_loss,-2.9835569858551025
50999,train_loss,-2.283935546875
51049,train_loss,-2.4195497035980225
51099,train_loss,-2.9442901611328125
51149,train_loss,-2.433711290359497
51199,train_loss,-2.5366172790527344
51249,train_loss,-2.5514259338378906
51299,train_loss,-2.7576098442077637
51349,train_loss,-2.5336825847625732
51399,train_loss,-2.3475875854492188
51449,train_loss,-2.5697388648986816
51499,train_loss,-2.270899534225464
51549,train_loss,-2.7746059894561768
51599,train_loss,-2.666465997695923
51649,train_loss,-2.4968488216400146
51699,train_loss,-2.64634370803833
51749,train_loss,-2.72880220413208
51799,train_loss,-2.97575306892395
51849,train_loss,-2.773632049560547
51899,train_loss,-2.7642035484313965
51949,train_loss,-2.6201870441436768
51999,train_loss,-2.634337902069092
52049,train_loss,-2.6892194747924805
52099,train_loss,-2.726022720336914
52149,train_loss,-2.821856737136841
52199,train_loss,-2.664226770401001
52249,train_loss,-2.549645185470581
52299,train_loss,-2.6031386852264404
52349,train_loss,-2.700850009918213
52399,train_loss,-2.3281383514404297
52449,train_loss,-2.6252315044403076
52499,train_loss,-2.9115140438079834
52549,train_loss,-2.9723572731018066
52599,train_loss,-2.693833351135254
52649,train_loss,-2.583362102508545
52699,train_loss,-2.631356954574585
52749,train_loss,-2.481660842895508
52799,train_loss,-2.873976945877075
52849,train_loss,-2.7022275924682617
52899,train_loss,-2.4582269191741943
52949,train_loss,-2.4683022499084473
52999,train_loss,-2.6299080848693848
53049,train_loss,-2.510744333267212
53099,train_loss,-2.9671072959899902
53149,train_loss,-2.517226457595825
53199,train_loss,-2.6963491439819336
53249,train_loss,-2.8539021015167236
53299,train_loss,-2.4487433433532715
53349,train_loss,-2.8807532787323
53399,train_loss,-2.841331958770752
53449,train_loss,-2.58345365524292
53499,train_loss,-2.572890043258667
53549,train_loss,-2.574829339981079
53599,train_loss,-2.71151065826416
53649,train_loss,-2.7016501426696777
53699,train_loss,-2.5016329288482666
53749,train_loss,-2.537480115890503
53799,train_loss,-2.656766414642334
53849,train_loss,-2.605895757675171
53899,train_loss,-2.803581714630127
53949,train_loss,-2.8305013179779053
53999,train_loss,-2.507225275039673
54049,train_loss,-2.8173844814300537
54099,train_loss,-2.779478073120117
54149,train_loss,-2.7028470039367676
54199,train_loss,-2.453319549560547
54249,train_loss,-2.6243674755096436
54299,train_loss,-2.7404298782348633
54349,train_loss,-2.5673141479492188
54399,train_loss,-2.5135092735290527
54449,train_loss,-2.4363768100738525
54499,train_loss,-2.830676555633545
54549,train_loss,-2.627920627593994
54599,train_loss,-2.6164073944091797
54649,train_loss,-2.592494010925293
54699,train_loss,-2.447659492492676
54749,train_loss,-2.886894941329956
54799,train_loss,-2.829289674758911
54849,train_loss,-2.6580116748809814
54899,train_loss,-2.6995959281921387
54949,train_loss,-3.0703225135803223
54999,train_loss,-2.6334218978881836
55049,train_loss,-2.566380500793457
55099,train_loss,-2.681300640106201
55149,train_loss,-2.9981179237365723
55199,train_loss,-2.4885001182556152
55249,train_loss,-2.838735818862915
55299,train_loss,-2.857147455215454
55349,train_loss,-2.902848720550537
55399,train_loss,-2.740230083465576
55449,train_loss,-2.766303539276123
55499,train_loss,-2.4098167419433594
55549,train_loss,-2.782317638397217
55599,train_loss,-2.6836366653442383
55649,train_loss,-2.560145616531372
55699,train_loss,-2.643754482269287
55749,train_loss,-2.8878931999206543
55799,train_loss,-2.851174831390381
55849,train_loss,-2.7393970489501953
55899,train_loss,-2.916266679763794
55949,train_loss,-2.62730073928833
55999,train_loss,-2.6019411087036133
56049,train_loss,-2.435962438583374
56099,train_loss,-2.644026756286621
56149,train_loss,-2.5761659145355225
56199,train_loss,-2.7567508220672607
56249,train_loss,-3.003081798553467
56299,train_loss,-2.7481961250305176
56349,train_loss,-2.5001819133758545
56399,train_loss,-2.782128095626831
56449,train_loss,-2.639777421951294
56499,train_loss,-3.058462142944336
56549,train_loss,-2.8031721115112305
56599,train_loss,-2.9532525539398193
56649,train_loss,-2.785494327545166
56699,train_loss,-2.641079902648926
56749,train_loss,-2.709300994873047
56799,train_loss,-2.622007369995117
56849,train_loss,-2.895779848098755
56899,train_loss,-2.382378578186035
56949,train_loss,-2.724886178970337
56999,train_loss,-2.8658671379089355
57049,train_loss,-2.5976812839508057
57099,train_loss,-2.7226781845092773
57149,train_loss,-2.3687186241149902
57199,train_loss,-2.2621567249298096
57249,train_loss,-2.851893186569214
57299,train_loss,-2.442589282989502
57349,train_loss,-2.630786895751953
57399,train_loss,-2.4102673530578613
57449,train_loss,-2.7182390689849854
57499,train_loss,-2.796839952468872
57549,train_loss,-2.844295024871826
57599,train_loss,-2.6976206302642822
57649,train_loss,-2.6892404556274414
57699,train_loss,-2.7970707416534424
57749,train_loss,-2.7130908966064453
57799,train_loss,-2.904999017715454
57849,train_loss,-2.398379325866699
57899,train_loss,-2.603736639022827
57949,train_loss,-2.9926586151123047
57999,train_loss,-2.7583675384521484
58049,train_loss,-2.701051950454712
58099,train_loss,-2.5484724044799805
58149,train_loss,-2.5569329261779785
58199,train_loss,-2.985435962677002
58249,train_loss,-2.6627724170684814
58299,train_loss,-2.729685068130493
58349,train_loss,-2.7560722827911377
58399,train_loss,-2.5943307876586914
58449,train_loss,-2.8089487552642822
58499,train_loss,-2.7985761165618896
58549,train_loss,-2.741607666015625
58599,train_loss,-2.6069204807281494
58649,train_loss,-2.6450226306915283
58699,train_loss,-2.908848524093628
58749,train_loss,-2.6458358764648438
58799,train_loss,-2.7247300148010254
58849,train_loss,-2.716224431991577
58899,train_loss,-2.623741388320923
58949,train_loss,-2.664266347885132
58999,train_loss,-2.6632351875305176
59049,train_loss,-2.798311710357666
59099,train_loss,-2.7570018768310547
59149,train_loss,-2.8031668663024902
59199,train_loss,-2.533400058746338
59249,train_loss,-2.563229560852051
59299,train_loss,-2.492642402648926
59349,train_loss,-2.7269325256347656
59399,train_loss,-2.60347843170166
59449,train_loss,-2.878060817718506
59499,train_loss,-2.854580879211426
59549,train_loss,-2.770578622817993
59599,train_loss,-2.8283579349517822
59649,train_loss,-2.769935369491577
59699,train_loss,-2.8707244396209717
59749,train_loss,-2.6545348167419434
59799,train_loss,-2.7491133213043213
59849,train_loss,-2.7704217433929443
59899,train_loss,-2.6739182472229004
59949,train_loss,-2.4972400665283203
59999,train_loss,-2.8792669773101807
60049,train_loss,-2.6544547080993652
60099,train_loss,-2.421520948410034
60149,train_loss,-2.65140962600708
60199,train_loss,-2.7487146854400635
60249,train_loss,-2.84527587890625
60299,train_loss,-2.4626033306121826
60349,train_loss,-2.6100759506225586
60399,train_loss,-2.7496185302734375
60449,train_loss,-2.5060172080993652
60499,train_loss,-2.7060751914978027
60549,train_loss,-2.522956609725952
60599,train_loss,-2.602529525756836
60649,train_loss,-2.677166700363159
60699,train_loss,-2.6890506744384766
60749,train_loss,-2.708573579788208
60799,train_loss,-2.7286174297332764
60849,train_loss,-2.703345775604248
60899,train_loss,-2.683084487915039
60949,train_loss,-2.7255306243896484
60999,train_loss,-2.862084150314331
61049,train_loss,-2.6949639320373535
61099,train_loss,-2.745629072189331
61149,train_loss,-2.6600935459136963
61199,train_loss,-2.5584168434143066
61249,train_loss,-2.658690929412842
61299,train_loss,-2.952298879623413
61349,train_loss,-2.8641130924224854
61399,train_loss,-2.6493024826049805
61449,train_loss,-2.7576217651367188
61499,train_loss,-2.6732101440429688
61549,train_loss,-2.744302988052368
61599,train_loss,-2.410313606262207
61649,train_loss,-2.7652623653411865
61699,train_loss,-2.352482795715332
61749,train_loss,-2.6295244693756104
61799,train_loss,-2.9264609813690186
61849,train_loss,-2.8304193019866943
61899,train_loss,-3.019015073776245
61949,train_loss,-2.7225513458251953
61999,train_loss,-2.7415881156921387
62049,train_loss,-2.801555633544922
62099,train_loss,-2.5575177669525146
62149,train_loss,-2.678957462310791
62199,train_loss,-2.641751289367676
62249,train_loss,-2.7240302562713623
62299,train_loss,-2.780568838119507
62349,train_loss,-2.7447707653045654
62399,train_loss,-2.7564971446990967
62449,train_loss,-2.7150468826293945
62499,train_loss,-2.7705652713775635
62549,train_loss,-2.7257299423217773
62599,train_loss,-2.6330344676971436
62649,train_loss,-2.655532121658325
62699,train_loss,-2.638601541519165
62749,train_loss,-2.7489686012268066
62799,train_loss,-2.7112462520599365
62849,train_loss,-2.6813771724700928
62899,train_loss,-2.854188919067383
62949,train_loss,-2.565707206726074
62999,train_loss,-2.6479170322418213
63049,train_loss,-2.8519909381866455
63099,train_loss,-2.6466407775878906
63149,train_loss,-2.652379274368286
63199,train_loss,-2.5282492637634277
63249,train_loss,-2.654799222946167
63299,train_loss,-2.4854953289031982
63349,train_loss,-2.467534303665161
63399,train_loss,-2.751505136489868
63449,train_loss,-2.833192825317383
63499,train_loss,-2.991199493408203
63549,train_loss,-2.503124952316284
63599,train_loss,-2.3900396823883057
63649,train_loss,-2.854790210723877
63699,train_loss,-2.856940269470215
63749,train_loss,-2.64688777923584
63799,train_loss,-2.714823007583618
63849,train_loss,-2.773444652557373
63899,train_loss,-2.898369073867798
63949,train_loss,-2.731226682662964
63999,train_loss,-2.7591333389282227
64049,train_loss,-2.6851887702941895
64099,train_loss,-2.7705841064453125
64149,train_loss,-2.6226258277893066
64199,train_loss,-2.957139730453491
64249,train_loss,-2.671745777130127
64299,train_loss,-2.637082576751709
64349,train_loss,-2.373853921890259
64399,train_loss,-2.6252455711364746
64449,train_loss,-2.6408731937408447
64499,train_loss,-3.018782138824463
64549,train_loss,-3.004796028137207
64599,train_loss,-2.746218681335449
64649,train_loss,-2.839223861694336
64699,train_loss,-2.8150346279144287
64749,train_loss,-2.6992714405059814
64799,train_loss,-2.7871718406677246
64849,train_loss,-2.662811040878296
64899,train_loss,-2.8653223514556885
64949,train_loss,-2.8452043533325195
64999,train_loss,-2.6984682083129883
65049,train_loss,-2.8321774005889893
65099,train_loss,-2.955487012863159
65149,train_loss,-2.7787673473358154
65199,train_loss,-2.7083048820495605
65249,train_loss,-2.62925124168396
65299,train_loss,-2.670065402984619
65349,train_loss,-2.820695638656616
65399,train_loss,-3.0061392784118652
65449,train_loss,-2.046607255935669
65499,train_loss,-2.798985004425049
65549,train_loss,-2.453322649002075
65599,train_loss,-2.8976521492004395
65649,train_loss,-2.784182548522949
65699,train_loss,-2.5846736431121826
65749,train_loss,-2.93906307220459
65799,train_loss,-2.779629707336426
65849,train_loss,-2.5961270332336426
65899,train_loss,-2.670522451400757
65949,train_loss,-2.8291852474212646
65999,train_loss,-2.5325915813446045
66049,train_loss,-2.8032045364379883
66099,train_loss,-2.6379003524780273
66149,train_loss,-2.573298931121826
66199,train_loss,-2.616992235183716
66249,train_loss,-2.4088008403778076
66299,train_loss,-2.859083652496338
66349,train_loss,-3.0313572883605957
66399,train_loss,-1.9076749086380005
66449,train_loss,-2.66340708732605
66499,train_loss,-2.7867016792297363
66549,train_loss,-2.4501688480377197
66599,train_loss,-2.6215555667877197
66649,train_loss,-2.912890911102295
66699,train_loss,-2.920832872390747
66749,train_loss,-2.8905513286590576
66799,train_loss,-2.5107901096343994
66849,train_loss,-2.6912591457366943
66899,train_loss,-2.708350896835327
66949,train_loss,-2.741271495819092
66999,train_loss,-2.926868438720703
67049,train_loss,-2.8573105335235596
67099,train_loss,-2.5152087211608887
67149,train_loss,-2.802447557449341
67199,train_loss,-2.809936761856079
67249,train_loss,-2.619575262069702
67299,train_loss,-2.511610507965088
67349,train_loss,-2.6508779525756836
67399,train_loss,-2.8628110885620117
67449,train_loss,-2.7306735515594482
67499,train_loss,-2.3335347175598145
67549,train_loss,-2.9033315181732178
67599,train_loss,-2.709324836730957
67649,train_loss,-2.7988688945770264
67699,train_loss,-2.838247776031494
67749,train_loss,-3.103989601135254
67799,train_loss,-2.8289968967437744
67849,train_loss,-2.8406851291656494
67899,train_loss,-2.7086341381073
67949,train_loss,-2.775200843811035
67999,train_loss,-2.5368411540985107
68049,train_loss,-2.5972776412963867
68099,train_loss,-3.056858539581299
68149,train_loss,-2.6544604301452637
68199,train_loss,-2.478083848953247
68249,train_loss,-2.8366453647613525
68299,train_loss,-2.767510175704956
68349,train_loss,-2.603285312652588
68399,train_loss,-2.856827735900879
68449,train_loss,-2.8067872524261475
68499,train_loss,-2.63088321685791
68549,train_loss,-2.8014700412750244
68599,train_loss,-2.911298990249634
68649,train_loss,-2.8398797512054443
68699,train_loss,-2.715848207473755
68749,train_loss,-2.3498353958129883
68799,train_loss,-2.799221992492676
68849,train_loss,-2.5376484394073486
68899,train_loss,-2.574399709701538
68949,train_loss,-2.790809392929077
68999,train_loss,-2.7963006496429443
69049,train_loss,-2.858508348464966
69099,train_loss,-2.745602607727051
69149,train_loss,-2.7593696117401123
69199,train_loss,-2.517212390899658
69249,train_loss,-2.803487539291382
69299,train_loss,-2.82187819480896
69349,train_loss,-2.746417999267578
69399,train_loss,-3.030748128890991
69449,train_loss,-2.803455114364624
69499,train_loss,-2.7577834129333496
69549,train_loss,-2.7108590602874756
69599,train_loss,-2.4846296310424805
69649,train_loss,-2.6006839275360107
69699,train_loss,-2.6514315605163574
69749,train_loss,-2.69527006149292
69799,train_loss,-2.5296857357025146
69849,train_loss,-2.5317583084106445
69899,train_loss,-2.377021312713623
69949,train_loss,-2.8534371852874756
69999,train_loss,-2.735020160675049
70049,train_loss,-2.9895317554473877
70099,train_loss,-2.7186310291290283
70149,train_loss,-2.804901361465454
70199,train_loss,-2.4492604732513428
70249,train_loss,-2.6499505043029785
70299,train_loss,-2.889437198638916
70349,train_loss,-2.8930392265319824
70399,train_loss,-2.711055040359497
70449,train_loss,-2.786090850830078
70499,train_loss,-2.8023698329925537
70549,train_loss,-2.7944295406341553
70599,train_loss,-2.9056203365325928
70649,train_loss,-2.7191429138183594
70699,train_loss,-2.8220345973968506
70749,train_loss,-2.654796600341797
70799,train_loss,-2.8490920066833496
70849,train_loss,-2.6869516372680664
70899,train_loss,-2.6203298568725586
70949,train_loss,-2.4912643432617188
70999,train_loss,-2.7293715476989746
71049,train_loss,-2.400174140930176
71099,train_loss,-2.9010884761810303
71149,train_loss,-2.700179100036621
71199,train_loss,-2.527376890182495
71249,train_loss,-2.820655107498169
71299,train_loss,-2.915647029876709
71349,train_loss,-2.6905932426452637
71399,train_loss,-2.8424971103668213
71449,train_loss,-2.703679323196411
71499,train_loss,-2.472146511077881
71549,train_loss,-2.623960494995117
71599,train_loss,-2.779048442840576
71649,train_loss,-2.7180938720703125
71699,train_loss,-2.753068685531616
71749,train_loss,-2.7022762298583984
71799,train_loss,-2.9093611240386963
71849,train_loss,-2.8114888668060303
71899,train_loss,-2.6533195972442627
71949,train_loss,-2.7644307613372803
71999,train_loss,-2.4276278018951416
72049,train_loss,-2.5657424926757812
72099,train_loss,-3.025073528289795
72149,train_loss,-2.7125442028045654
72199,train_loss,-2.6319260597229004
72249,train_loss,-2.7211837768554688
72299,train_loss,-2.737177610397339
72349,train_loss,-2.762752056121826
72399,train_loss,-2.6337382793426514
72449,train_loss,-2.9221558570861816
72499,train_loss,-2.6422464847564697
72549,train_loss,-2.6730380058288574
72599,train_loss,-2.587904930114746
72649,train_loss,-2.853095531463623
72699,train_loss,-2.766315221786499
72749,train_loss,-3.0518038272857666
72799,train_loss,-2.609393358230591
72849,train_loss,-2.6081576347351074
72899,train_loss,-2.785407304763794
72949,train_loss,-2.8041393756866455
72999,train_loss,-2.9276061058044434
73049,train_loss,-2.632072925567627
73099,train_loss,-2.9455552101135254
73149,train_loss,-2.736461877822876
73199,train_loss,-2.8062164783477783
73249,train_loss,-2.754655361175537
73299,train_loss,-2.369884490966797
73349,train_loss,-2.7345407009124756
73399,train_loss,-2.9203312397003174
73449,train_loss,-2.768390655517578
73499,train_loss,-2.6085638999938965
73549,train_loss,-3.0424373149871826
73599,train_loss,-2.821021556854248
73649,train_loss,-2.9126758575439453
73699,train_loss,-2.529564142227173
73749,train_loss,-2.737973928451538
73799,train_loss,-2.8974878787994385
73849,train_loss,-2.7444722652435303
73899,train_loss,-2.4412803649902344
73949,train_loss,-2.779080867767334
73999,train_loss,-2.6423468589782715
74049,train_loss,-2.820345878601074
74099,train_loss,-2.767738103866577
74149,train_loss,-2.6565520763397217
74199,train_loss,-2.889740467071533
74249,train_loss,-2.7442562580108643
74299,train_loss,-2.409736394882202
74349,train_loss,-3.033310651779175
74399,train_loss,-2.8095412254333496
74449,train_loss,-2.853792190551758
74499,train_loss,-2.834575653076172
74549,train_loss,-2.7518179416656494
74599,train_loss,-2.7760629653930664
74649,train_loss,-2.881728172302246
74699,train_loss,-2.7000749111175537
74749,train_loss,-2.6337661743164062
74799,train_loss,-2.7558298110961914
74849,train_loss,-3.073106288909912
74899,train_loss,-2.531913995742798
74949,train_loss,-2.708021640777588
74999,train_loss,-2.6771795749664307
75049,train_loss,-2.6727685928344727
75099,train_loss,-3.106118679046631
75149,train_loss,-2.8702688217163086
75199,train_loss,-2.8247082233428955
75249,train_loss,-2.783168315887451
75299,train_loss,-3.0430119037628174
75349,train_loss,-2.601064682006836
75399,train_loss,-2.7054810523986816
75449,train_loss,-2.570122003555298
75499,train_loss,-2.683072805404663
75549,train_loss,-2.4332773685455322
75599,train_loss,-2.9544060230255127
75649,train_loss,-2.8104686737060547
75699,train_loss,-2.7401018142700195
75749,train_loss,-2.8233256340026855
75799,train_loss,-2.8209798336029053
75849,train_loss,-2.6404411792755127
75899,train_loss,-2.717595338821411
75949,train_loss,-2.690246105194092
75999,train_loss,-2.4519455432891846
76049,train_loss,-2.7126598358154297
76099,train_loss,-2.671736717224121
76149,train_loss,-2.747562885284424
76199,train_loss,-2.6423122882843018
76249,train_loss,-2.599097490310669
76299,train_loss,-2.966007709503174
76349,train_loss,-2.6860010623931885
76399,train_loss,-1.7083842754364014
76449,train_loss,-2.7042951583862305
76499,train_loss,-2.800520420074463
76549,train_loss,-2.819516897201538
76599,train_loss,-2.9578166007995605
76649,train_loss,-2.4972591400146484
76699,train_loss,-2.859440326690674
76749,train_loss,-2.7179770469665527
76799,train_loss,-2.333420515060425
76849,train_loss,-2.8518004417419434
76899,train_loss,-2.7546236515045166
76949,train_loss,-2.6131715774536133
76999,train_loss,-2.6356518268585205
77049,train_loss,-2.6933670043945312
77099,train_loss,-2.4270598888397217
77149,train_loss,-2.713440418243408
77199,train_loss,-2.8018455505371094
77249,train_loss,-2.9547204971313477
77299,train_loss,-2.9205691814422607
77349,train_loss,-2.818567991256714
77399,train_loss,-2.67875337600708
77449,train_loss,-2.683772087097168
77499,train_loss,-2.7218377590179443
77549,train_loss,-2.8274648189544678
77599,train_loss,-2.7538552284240723
77649,train_loss,-2.7999463081359863
77699,train_loss,-2.9447362422943115
77749,train_loss,-2.6270055770874023
77799,train_loss,-2.7534470558166504
77849,train_loss,-2.6030092239379883
77899,train_loss,-2.7667746543884277
77949,train_loss,-2.465087890625
77999,train_loss,-2.805626153945923
78049,train_loss,-2.894484043121338
78099,train_loss,-2.8112990856170654
78149,train_loss,-3.078752279281616
78199,train_loss,-2.9055097103118896
78249,train_loss,-3.041853189468384
78299,train_loss,-2.829943895339966
78349,train_loss,-2.5431551933288574
78399,train_loss,-2.780473470687866
78449,train_loss,-2.827327251434326
78499,train_loss,-2.8455963134765625
78549,train_loss,-2.75441837310791
78599,train_loss,-2.6468000411987305
78649,train_loss,-2.604935884475708
78699,train_loss,-2.926164388656616
78749,train_loss,-2.9332356452941895
78799,train_loss,-2.615041971206665
78849,train_loss,-2.8156933784484863
78899,train_loss,-2.678330898284912
78949,train_loss,-2.599931478500366
78999,train_loss,-2.850921630859375
79049,train_loss,-2.7604222297668457
79099,train_loss,-2.6883387565612793
79149,train_loss,-2.9229493141174316
79199,train_loss,-2.5586767196655273
79249,train_loss,-2.9561173915863037
79299,train_loss,-2.7508270740509033
79349,train_loss,-2.7096972465515137
79399,train_loss,-2.6556406021118164
79449,train_loss,-2.5950679779052734
79499,train_loss,-2.7063164710998535
79549,train_loss,-2.6647932529449463
79599,train_loss,-2.5492570400238037
79649,train_loss,-2.9251601696014404
79699,train_loss,-2.7255003452301025
79749,train_loss,-2.7691354751586914
79799,train_loss,-2.8584043979644775
79849,train_loss,-2.749783515930176
79899,train_loss,-2.8199312686920166
79949,train_loss,-2.731818199157715
79999,train_loss,-2.7293310165405273
80049,train_loss,-2.930694103240967
80099,train_loss,-2.4027557373046875
80149,train_loss,-2.654417037963867
80199,train_loss,-3.0131561756134033
80249,train_loss,-2.854031801223755
80299,train_loss,-2.8286285400390625
80349,train_loss,-2.850794553756714
80399,train_loss,-2.7607622146606445
80449,train_loss,-2.7425172328948975
80499,train_loss,-2.6533219814300537
80549,train_loss,-2.7986032962799072
80599,train_loss,-2.873528480529785
80649,train_loss,-2.6779727935791016
80699,train_loss,-2.7752203941345215
80749,train_loss,-2.6579887866973877
80799,train_loss,-2.844534397125244
80849,train_loss,-2.6981303691864014
80899,train_loss,-2.72967529296875
80949,train_loss,-2.697256565093994
80999,train_loss,-2.823680877685547
81049,train_loss,-2.896289825439453
81099,train_loss,-2.742347240447998
81149,train_loss,-2.667271614074707
81199,train_loss,-2.9702553749084473
81249,train_loss,-2.4445607662200928
81299,train_loss,-2.647773265838623
81349,train_loss,-2.71597957611084
81399,train_loss,-2.766888380050659
81449,train_loss,-2.8568551540374756
81499,train_loss,-2.9019553661346436
81549,train_loss,-2.760807991027832
81599,train_loss,-2.963353395462036
81649,train_loss,-2.64041805267334
81699,train_loss,-2.462569236755371
81749,train_loss,-2.602912664413452
81799,train_loss,-2.9421679973602295
81849,train_loss,-2.5017144680023193
81899,train_loss,-2.7313194274902344
81949,train_loss,-2.6465256214141846
81999,train_loss,-2.9463677406311035
82049,train_loss,-2.680110454559326
82099,train_loss,-2.8233633041381836
82149,train_loss,-2.5823943614959717
82199,train_loss,-2.7070794105529785
82249,train_loss,-2.7709832191467285
82299,train_loss,-2.782679319381714
82349,train_loss,-2.864753246307373
82399,train_loss,-2.481387138366699
82449,train_loss,-2.8516881465911865
82499,train_loss,-2.592013359069824
82549,train_loss,-2.7459404468536377
82599,train_loss,-2.812741756439209
82649,train_loss,-2.8827128410339355
82699,train_loss,-2.6579997539520264
82749,train_loss,-2.70517635345459
82799,train_loss,-2.519176721572876
82849,train_loss,-2.9252257347106934
82899,train_loss,-2.7401747703552246
82949,train_loss,-3.0511605739593506
82999,train_loss,-2.604006767272949
83049,train_loss,-2.7300944328308105
83099,train_loss,-2.591472625732422
83149,train_loss,-2.735121726989746
83199,train_loss,-2.696129322052002
83249,train_loss,-2.6292836666107178
83299,train_loss,-2.735703945159912
83349,train_loss,-2.6675357818603516
83399,train_loss,-2.7806520462036133
83449,train_loss,-3.123972177505493
83499,train_loss,-2.7791216373443604
83549,train_loss,-2.7102854251861572
83599,train_loss,-2.6097357273101807
83649,train_loss,-2.6452863216400146
83699,train_loss,-2.7654571533203125
83749,train_loss,-2.6332619190216064
83799,train_loss,-2.8908944129943848
83849,train_loss,-2.6732113361358643
83899,train_loss,-2.7259771823883057
83949,train_loss,-2.548457384109497
83999,train_loss,-2.823573112487793
84049,train_loss,-2.767122507095337
84099,train_loss,-2.7476606369018555
84149,train_loss,-2.8133034706115723
84199,train_loss,-2.758916139602661
84249,train_loss,-2.8478758335113525
84299,train_loss,-2.871006488800049
84349,train_loss,-2.8249244689941406
84399,train_loss,-2.7189371585845947
84449,train_loss,-3.0523972511291504
84499,train_loss,-2.789073944091797
84549,train_loss,-2.852825403213501
84599,train_loss,-2.4404101371765137
84649,train_loss,-2.6891844272613525
84699,train_loss,-2.757378578186035
84749,train_loss,-2.475717782974243
84799,train_loss,-2.6319849491119385
84849,train_loss,-2.7329752445220947
84899,train_loss,-2.9406635761260986
84949,train_loss,-2.819200038909912
84999,train_loss,-2.6985726356506348
85049,train_loss,-2.8919055461883545
85099,train_loss,-2.691805839538574
85149,train_loss,-2.653834819793701
85199,train_loss,-2.9521636962890625
85249,train_loss,-2.526341438293457
85299,train_loss,-2.684528112411499
85349,train_loss,-2.7515950202941895
85399,train_loss,-2.8503594398498535
85449,train_loss,-2.867187261581421
85499,train_loss,-2.633875608444214
85549,train_loss,-2.7307939529418945
85599,train_loss,-2.811138391494751
85649,train_loss,-2.959251642227173
85699,train_loss,-2.6765494346618652
85749,train_loss,-2.741690158843994
85799,train_loss,-2.72381591796875
85849,train_loss,-2.576812267303467
85899,train_loss,-2.710726022720337
85949,train_loss,-2.843717575073242
85999,train_loss,-2.913914918899536
86049,train_loss,-2.536458730697632
86099,train_loss,-2.759509801864624
86149,train_loss,-2.9705164432525635
86199,train_loss,-2.729491710662842
86249,train_loss,-2.533479928970337
86299,train_loss,-2.816826343536377
86349,train_loss,-2.6888270378112793
86399,train_loss,-2.898799419403076
86449,train_loss,-2.6440341472625732
86499,train_loss,-2.488232135772705
86549,train_loss,-2.788363218307495
86599,train_loss,-2.589250087738037
86649,train_loss,-2.9603021144866943
86699,train_loss,-2.724696397781372
86749,train_loss,-2.8257243633270264
86799,train_loss,-2.8685147762298584
86849,train_loss,-2.731981039047241
86899,train_loss,-2.979529619216919
86949,train_loss,-2.9864261150360107
86999,train_loss,-3.043120861053467
87049,train_loss,-2.579636335372925
87099,train_loss,-3.0185706615448
87149,train_loss,-2.682758092880249
87199,train_loss,-2.835686683654785
87249,train_loss,-2.5717732906341553
87299,train_loss,-2.6244006156921387
87349,train_loss,-2.78912615776062
87399,train_loss,-2.7970643043518066
87449,train_loss,-2.8625388145446777
87499,train_loss,-2.435011148452759
87549,train_loss,-2.662050485610962
87599,train_loss,-2.734221935272217
87649,train_loss,-2.8095014095306396
87699,train_loss,-2.475081205368042
87749,train_loss,-2.835388422012329
87799,train_loss,-2.6716134548187256
87849,train_loss,-2.8849377632141113
87899,train_loss,-2.7793846130371094
87949,train_loss,-2.7910382747650146
87999,train_loss,-2.986311674118042
88049,train_loss,-2.729832172393799
88099,train_loss,-2.768735885620117
88149,train_loss,-2.6197683811187744
88199,train_loss,-2.7326242923736572
88249,train_loss,-2.5204434394836426
88299,train_loss,-2.211515426635742
88349,train_loss,-2.7600293159484863
88399,train_loss,-2.509324550628662
88449,train_loss,-2.9933223724365234
88499,train_loss,-2.3081672191619873
88549,train_loss,-2.7137339115142822
88599,train_loss,-2.730403184890747
88649,train_loss,-2.8532497882843018
88699,train_loss,-2.823303699493408
88749,train_loss,-2.702439546585083
88799,train_loss,-2.6773688793182373
88849,train_loss,-2.5424885749816895
88899,train_loss,-2.7210652828216553
88949,train_loss,-2.643378734588623
88999,train_loss,-2.846712350845337
89049,train_loss,-2.8104352951049805
89099,train_loss,-3.067455291748047
89149,train_loss,-2.588676929473877
89199,train_loss,-2.831245183944702
89249,train_loss,-2.682075023651123
89299,train_loss,-2.6859982013702393
89349,train_loss,-2.9960825443267822
89399,train_loss,-2.548511266708374
89449,train_loss,-2.7463414669036865
89499,train_loss,-2.6115691661834717
89549,train_loss,-2.663602113723755
89599,train_loss,-2.718433380126953
89649,train_loss,-2.9791436195373535
89699,train_loss,-2.745210647583008
89749,train_loss,-2.419097900390625
89799,train_loss,-3.0262668132781982
89849,train_loss,-2.7227041721343994
89899,train_loss,-2.8997085094451904
89949,train_loss,-2.631804943084717
89999,train_loss,-2.748544692993164
90049,train_loss,-2.7630369663238525
90099,train_loss,-2.7546167373657227
90149,train_loss,-2.648625373840332
90199,train_loss,-2.71610689163208
90249,train_loss,-2.7580835819244385
90299,train_loss,-2.78893780708313
90349,train_loss,-2.7650575637817383
90399,train_loss,-2.695538282394409
90449,train_loss,-2.7197697162628174
90499,train_loss,-2.658010721206665
90549,train_loss,-2.932021141052246
90599,train_loss,-2.9046778678894043
90649,train_loss,-2.648106813430786
90699,train_loss,-2.7828354835510254
90749,train_loss,-2.625692129135132
90799,train_loss,-2.39485502243042
90849,train_loss,-2.8847813606262207
90899,train_loss,-2.7953379154205322
90949,train_loss,-2.721344232559204
90999,train_loss,-2.772773027420044
91049,train_loss,-2.597393035888672
91099,train_loss,-2.7877190113067627
91149,train_loss,-2.9428725242614746
91199,train_loss,-3.1703503131866455
91249,train_loss,-2.912996292114258
91299,train_loss,-2.869008779525757
91349,train_loss,-3.009119987487793
91399,train_loss,-2.6666300296783447
91449,train_loss,-2.8254096508026123
91499,train_loss,-2.8921656608581543
91549,train_loss,-2.923970937728882
91599,train_loss,-2.821159839630127
91649,train_loss,-2.749725341796875
91699,train_loss,-2.5930404663085938
91749,train_loss,-2.6003665924072266
91799,train_loss,-2.782104015350342
91849,train_loss,-2.5881636142730713
91899,train_loss,-2.735109567642212
91949,train_loss,-2.4538750648498535
91999,train_loss,-2.4509003162384033
92049,train_loss,-2.793741226196289
92099,train_loss,-2.504133939743042
92149,train_loss,-3.0115225315093994
92199,train_loss,-2.8859589099884033
92249,train_loss,-2.8516054153442383
92299,train_loss,-2.5924227237701416
92349,train_loss,-2.742488384246826
92399,train_loss,-2.5986168384552
92449,train_loss,-2.5923283100128174
92499,train_loss,-2.668527841567993
92549,train_loss,-2.85119366645813
92599,train_loss,-2.4929873943328857
92649,train_loss,-2.590214252471924
92699,train_loss,-2.8827462196350098
92749,train_loss,-2.9721226692199707
92799,train_loss,-2.651597023010254
92849,train_loss,-2.9537851810455322
92899,train_loss,-2.6565957069396973
92949,train_loss,-2.977489471435547
92999,train_loss,-2.6816916465759277
93049,train_loss,-2.8151068687438965
93099,train_loss,-2.9176251888275146
93149,train_loss,-2.606760263442993
93199,train_loss,-2.6069960594177246
93249,train_loss,-2.8912878036499023
93299,train_loss,-2.868990421295166
93349,train_loss,-2.6215882301330566
93399,train_loss,-2.6721925735473633
93449,train_loss,-2.7024335861206055
93499,train_loss,-2.872386932373047
93549,train_loss,-2.6722681522369385
93599,train_loss,-2.9496302604675293
93649,train_loss,-2.881571054458618
93699,train_loss,-2.7247607707977295
93749,train_loss,-2.7298336029052734
93799,train_loss,-2.8634560108184814
93849,train_loss,-2.4138894081115723
93899,train_loss,-2.6662497520446777
93949,train_loss,-2.963683843612671
93999,train_loss,-2.862658739089966
94049,train_loss,-2.6183857917785645
94099,train_loss,-2.9078707695007324
94149,train_loss,-2.720966100692749
94199,train_loss,-2.9420993328094482
94249,train_loss,-2.6941776275634766
94299,train_loss,-3.085127592086792
94349,train_loss,-2.457855701446533
94399,train_loss,-2.8153562545776367
94449,train_loss,-2.951327323913574
94499,train_loss,-2.4648373126983643
94549,train_loss,-2.2744140625
94599,train_loss,-2.6702189445495605
94649,train_loss,-2.731726884841919
94699,train_loss,-2.5528414249420166
94749,train_loss,-2.6971707344055176
94799,train_loss,-2.819566488265991
94849,train_loss,-2.504704475402832
94899,train_loss,-2.8658876419067383
94949,train_loss,-2.7674272060394287
94999,train_loss,-2.7802915573120117
95049,train_loss,-2.7079482078552246
95099,train_loss,-2.841379404067993
95149,train_loss,-3.063432455062866
95199,train_loss,-2.8334622383117676
95249,train_loss,-2.5782864093780518
95299,train_loss,-2.8424553871154785
95349,train_loss,-2.3034424781799316
95399,train_loss,-2.974212169647217
95449,train_loss,-2.7109906673431396
95499,train_loss,-2.7017812728881836
95549,train_loss,-2.6498425006866455
95599,train_loss,-2.830714464187622
95649,train_loss,-2.606372594833374
5627,val_metric,111.93899536132812
11255,val_metric,98.58269500732422
16883,val_metric,93.62651824951172
22511,val_metric,93.56692504882812
28139,val_metric,93.05989074707031
33767,val_metric,90.7820053100586
39395,val_metric,89.6198959350586
45023,val_metric,89.2611083984375
50651,val_metric,88.85574340820312
56279,val_metric,88.41482543945312
61910,val_metric,87.7046890258789
67538,val_metric,87.33416748046875
73166,val_metric,90.5010986328125
78794,val_metric,86.1073989868164
84422,val_metric,87.0264892578125
90050,val_metric,89.50357055664062
95678,val_metric,86.90292358398438
